1:jbutt:jbutt@gmail.com:jbutta
2:jdarakjy:josephine_darakjy@darakjy.org:jdarakjy
3:avenere:art@venere.org:avenere
4:lpaprocki:lpaprocki@hotmail.com:lpaprocki
5:dfoller:donette.foller@cox.net:dfoller
6:smorasca:simona@morasca.com:smorasca
7:mtollner:mitsue_tollner@yahoo.com:mtollner
8:ldilliard:leota@hotmail.com:ldilliard
9:swieser:sage_wieser@cox.net:swieser
10:kmarrier:kris@gmail.com:kmarrier
11:mamigon:minna_amigon@yahoo.com:mamigon
12:amaclead:amaclead@gmail.com:amaclead
13:kcaldarera:kiley.caldarera@aol.com:kcaldarera
14:gruta:gruta@cox.net:gruta
15:calbares:calbares@gmail.com:calbares
16:mpoquette:mattie@aol.com:mpoquette
17:mgarufi:meaghan@hotmail.com:mgarufi
18:grim:gladys.rim@rim.org:grim
19:ywhobrey:yuki_whobrey@aol.com:ywhobrey
20:fflosi:fletcher.flosi@yahoo.com:fflosi
21:bnicka:bette_nicka@cox.net:bnicka
22:vinouye:vinouye@aol.com:vinouye
23:wkolmetz:willard@hotmail.com:wkolmetz
24:mroyster:mroyster@royster.com:mroyster
25:aslusarski:alisha@slusarski.com:aslusarski
26:aiturbide:allene_iturbide@cox.net:aiturbide
27:ccaudy:chanel.caudy@caudy.org:ccaudy
28:echui:ezekiel@chui.com:echui
29:wkusko:wkusko@yahoo.com:wkusko
30:bfigeroa:bfigeroa@aol.com:bfigeroa
31:acorrio:ammie@corrio.com:acorrio
32:fvocelka:francine_vocelka@vocelka.com:fvocelka
33:estenseth:ernie_stenseth@aol.com:estenseth
34:aglick:albina@glick.com:aglick
35:asergi:asergi@gmail.com:asergi
36:sshinko:solange@shinko.com:sshinko
37:jstockham:jose@yahoo.com:jstockham
38:rostrosky:rozella.ostrosky@ostrosky.com:rostrosky
39:vgillian:valentine_gillian@gmail.com:vgillian
40:krulapaugh:kati.rulapaugh@hotmail.com:krulapaugh
41:yschemmer:youlanda@aol.com:yschemmer
42:doldroyd:doldroyd@aol.com:doldroyd
43:rcampain:roxane@hotmail.com:rcampain
44:lperin:lperin@perin.org:lperin
45:eferencz:erick.ferencz@aol.com:eferencz
46:fsaylors:fsaylors@saylors.org:fsaylors
47:jbriddick:jina_briddick@briddick.com:jbriddick
48:kwaycott:kanisha_waycott@yahoo.com:kwaycott
49:ebowley:emerson.bowley@bowley.org:ebowley
50:bmalet:bmalet@yahoo.com:bmalet
51:bbolognia:bbolognia@yahoo.com:bbolognia
52:lnestle:lnestle@hotmail.com:lnestle
53:suyetake:sabra@uyetake.org:suyetake
54:mmastella:mmastella@mastella.com:mmastella
55:kklonowski:karl_klonowski@yahoo.com:kklonowski
56:twenner:twenner@aol.com:twenner
57:amonarrez:amber_monarrez@monarrez.org:amonarrez
58:sseewald:shenika@gmail.com:sseewald
59:dahle:delmy.ahle@hotmail.com:dahle
60:djuhas:deeanna_juhas@gmail.com:djuhas
61:bpugh:bpugh@aol.com:bpugh
62:jvanausdal:jamal@vanausdal.org:jvanausdal
63:chollack:cecily@hollack.org:chollack
64:clindall:carmelina_lindall@lindall.com:clindall
65:myglesias:maurine_yglesias@yglesias.com:myglesias
66:tbuvens:tawna@gmail.com:tbuvens
67:pweight:penney_weight@aol.com:pweight
68:emorocco:elly_morocco@gmail.com:emorocco
69:ieroman:ilene.eroman@hotmail.com:ieroman
70:vmondella:vmondella@mondella.com:vmondella
71:kblackwood:kallie.blackwood@gmail.com:kblackwood
72:jabdallah:johnetta_abdallah@aol.com:jabdallah
73:brhym:brhym@rhym.com:brhym
74:mrhymes:micaela_rhymes@gmail.com:mrhymes
75:thoogland:tamar@hotmail.com:thoogland
76:mparlato:moon@yahoo.com:mparlato
77:lreitler:laurel_reitler@reitler.com:lreitler
78:dcrupi:delisa.crupi@crupi.com:dcrupi
79:vtoelkes:viva.toelkes@gmail.com:vtoelkes
80:elipke:elza@yahoo.com:elipke
81:dchickering:devorah@hotmail.com:dchickering
82:tmulqueen:timothy_mulqueen@mulqueen.org:tmulqueen
83:ahoneywell:ahoneywell@honeywell.com:ahoneywell
84:ddickerson:dominque.dickerson@dickerson.org:ddickerson
85:lisenhower:lettie_isenhower@yahoo.com:lisenhower
86:mmunns:mmunns@cox.net:mmunns
87:sbarfield:stephaine@barfield.com:sbarfield
88:lgato:lai.gato@gato.org:lgato
89:semigh:stephen_emigh@hotmail.com:semigh
90:tshields:tshields@gmail.com:tshields
91:twardrip:twardrip@cox.net:twardrip
92:cgibes:cory.gibes@gmail.com:cgibes
93:dbruschke:danica_bruschke@gmail.com:dbruschke
94:wgiguere:wilda@cox.net:wgiguere
95:ebenimadho:elvera.benimadho@cox.net:ebenimadho
96:cvanheusen:carma@cox.net:cvanheusen
97:mhochard:malinda.hochard@yahoo.com:mhochard
98:nfern:natalie.fern@hotmail.com:nfern
99:lcentini:lisha@centini.org:lcentini
100:aklusman:arlene_klusman@gmail.com:aklusman
101:abuemi:alease@buemi.com:abuemi
102:lcronauer:louisa@cronauer.com:lcronauer
103:acetta:angella.cetta@hotmail.com:acetta
104:cgoldammer:cgoldammer@cox.net:cgoldammer
105:rcork:rosio.cork@gmail.com:rcork
106:ckorando:ckorando@hotmail.com:ckorando
107:tfelger:twana.felger@felger.org:tfelger
108:esamu:estrella@aol.com:esamu
109:dkines:dkines@hotmail.com:dkines
110:tsteffensmeier:tiffiny_steffensmeier@cox.net:tsteffensmeier
111:emiceli:emiceli@miceli.org:emiceli
112:skownacki:sue@aol.com:skownacki
113:jshin:jshin@shin.com:jshin
114:rfrancescon:rolland@cox.net:rfrancescon
115:pschmierer:pamella.schmierer@schmierer.org:pschmierer
116:gkulzer:gkulzer@kulzer.org:gkulzer
117:spalaspas:shawna_palaspas@palaspas.org:spalaspas
118:bcallaro:brandon_callaro@hotmail.com:bcallaro
119:scartan:scarlet.cartan@yahoo.com:scartan
120:omenter:oretha_menter@yahoo.com:omenter
121:tsmith:tsmith@aol.com:tsmith
122:xrochin:xuan@gmail.com:xrochin
123:ldilello:lindsey.dilello@hotmail.com:ldilello
124:dperez:devora_perez@perez.org:dperez
125:hdemesa:hdemesa@cox.net:hdemesa
126:rpapasergi:rpapasergi@cox.net:rpapasergi
127:triopelle:talia_riopelle@aol.com:triopelle
128:vshire:van.shire@shire.com:vshire
129:llary:lucina_lary@cox.net:llary
130:bisaacs:bok.isaacs@aol.com:bisaacs
131:rspickerman:rolande.spickerman@spickerman.com:rspickerman
132:hpaulas:hpaulas@gmail.com:hpaulas
133:kmadarang:kimbery_madarang@cox.net:kmadarang
134:tmanno:thurman.manno@yahoo.com:tmanno
135:bmirafuentes:becky.mirafuentes@mirafuentes.com:bmirafuentes
136:bcorrington:beatriz@yahoo.com:bcorrington
137:mmaybury:marti.maybury@yahoo.com:mmaybury
138:ngotter:nieves_gotter@gmail.com:ngotter
139:lhagele:lhagele@cox.net:lhagele
140:vklimek:vklimek@klimek.org:vklimek
141:mwiklund:melissa@cox.net:mwiklund
142:szane:sheridan.zane@zane.com:szane
143:bpadilla:bulah_padilla@hotmail.com:bpadilla
144:akohnert:audra@kohnert.com:akohnert
145:dweirather:dweirather@aol.com:dweirather
146:fjillson:fjillson@aol.com:fjillson
147:ggellinger:gearldine_gellinger@gellinger.com:ggellinger
148:ckitzman:chau@gmail.com:ckitzman
149:tfrey:theola_frey@frey.com:tfrey
150:charoldson:cheryl@haroldson.org:charoldson
151:lmerced:lmerced@gmail.com:lmerced
152:cbatman:carissa.batman@yahoo.com:cbatman
153:lcraghead:lezlie.craghead@craghead.org:lcraghead
154:oshealy:oshealy@hotmail.com:oshealy
155:aparvis:arminda@parvis.com:aparvis
156:rleto:reita.leto@gmail.com:rleto
157:yluczki:yolando@cox.net:yluczki
158:lstem:lizette.stem@aol.com:lstem
159:gpawlowicz:gpawlowicz@yahoo.com:gpawlowicz
160:cdeleo:cdeleo@deleo.com:cdeleo
161:cmaynerich:chantell@yahoo.com:cmaynerich
162:dyum:dyum@yahoo.com:dyum
163:lgudroe:larae_gudroe@gmail.com:lgudroe
164:ltolfree:latrice.tolfree@hotmail.com:ltolfree
165:ktheodorov:kerry.theodorov@gmail.com:ktheodorov
166:dhidvegi:dhidvegi@yahoo.com:dhidvegi
167:flungren:fannie.lungren@yahoo.com:flungren
168:eradde:evangelina@aol.com:eradde
169:ndegroot:novella_degroot@degroot.org:ndegroot
170:choa:choa@hoa.org:choa
171:jfallick:jfallick@yahoo.com:jfallick
172:iwolfgramm:irma.wolfgramm@hotmail.com:iwolfgramm
173:ecoody:eun@yahoo.com:ecoody
174:scousey:sylvia_cousey@cousey.org:scousey
175:nwrinkles:nana@aol.com:nwrinkles
176:lspringe:layla.springe@cox.net:lspringe
177:jdegonia:joesph_degonia@degonia.org:jdegonia
178:aboord:annabelle.boord@cox.net:aboord
179:svinning:stephaine@cox.net:svinning
180:nsawchuk:nelida@gmail.com:nsawchuk
181:mhiatt:marguerita.hiatt@gmail.com:mhiatt
182:ccookey:ccookey@cookey.org:ccookey
183:jbrideau:jbrideau@aol.com:jbrideau
184:cvarriano:claribel_varriano@cox.net:cvarriano
185:bskursky:benton.skursky@aol.com:bskursky
186:hskulski:hillary.skulski@aol.com:hskulski
187:mbayless:merilyn_bayless@cox.net:mbayless
188:tennaco:tennaco@gmail.com:tennaco
189:mlawler:merlyn_lawler@hotmail.com:mlawler
190:gmontezuma:gmontezuma@cox.net:gmontezuma
191:jmconnell:jmconnell@hotmail.com:jmconnell
192:llatzke:lemuel.latzke@gmail.com:llatzke
193:mknipp:mknipp@gmail.com:mknipp
194:ccorbley:candida_corbley@hotmail.com:ccorbley
195:kkarpin:karan_karpin@gmail.com:kkarpin
196:ascheyer:andra@gmail.com:ascheyer
197:fpoullion:fpoullion@poullion.com:fpoullion
198:bstrassner:belen_strassner@aol.com:bstrassner
199:gmelnyk:gracia@melnyk.com:gmelnyk
200:jhanafan:jhanafan@gmail.com:jhanafan
201:btoyama:barrett.toyama@toyama.org:btoyama
202:hfredicks:helga_fredicks@yahoo.com:hfredicks
203:apinilla:apinilla@cox.net:apinilla
204:fagramonte:fausto_agramonte@yahoo.com:fagramonte
205:rcaiafa:ronny.caiafa@caiafa.org:rcaiafa
206:mlimmel:marge@gmail.com:mlimmel
207:nwaymire:norah.waymire@gmail.com:nwaymire
208:abaltimore:aliza@aol.com:abaltimore
209:mpelkowski:mpelkowski@pelkowski.org:mpelkowski
210:vbitsuie:viola@gmail.com:vbitsuie
211:femard:femard@emard.com:femard
212:wkonopacki:willodean_konopacki@konopacki.org:wkonopacki
213:bsilvestrini:beckie.silvestrini@silvestrini.com:bsilvestrini
214:rgesick:rgesick@gesick.org:rgesick
215:fblunk:frederica_blunk@gmail.com:fblunk
216:gbartolet:glen_bartolet@hotmail.com:gbartolet
217:fgochal:freeman_gochal@aol.com:fgochal
218:vmeinerding:vincent.meinerding@hotmail.com:vmeinerding
219:rbevelacqua:rima@cox.net:rbevelacqua
220:gsarbacher:gsarbacher@gmail.com:gsarbacher
221:asteier:avery@cox.net:asteier
222:clother:cristy@lother.com:clother
223:nbrossart:nicolette_brossart@brossart.com:nbrossart
224:tmodzelewski:tracey@hotmail.com:tmodzelewski
225:vtegarden:virgina_tegarden@tegarden.com:vtegarden
226:tfrankel:tfrankel@aol.com:tfrankel
227:abergesen:alaine_bergesen@cox.net:abergesen
228:emai:earleen_mai@cox.net:emai
229:lgobern:leonida@gobern.org:lgobern
230:rauffrey:ressie.auffrey@yahoo.com:rauffrey
231:jmugnolo:jmugnolo@yahoo.com:jmugnolo
232:esaulter:eladia@saulter.com:esaulter
233:cmalvin:chaya@malvin.com:cmalvin
234:gsuffield:gwenn_suffield@suffield.org:gsuffield
235:skarpel:skarpel@cox.net:skarpel
236:yfishburne:yoko@fishburne.com:yfishburne
237:tmoyd:taryn.moyd@hotmail.com:tmoyd
238:kpolidori:katina_polidori@aol.com:kpolidori
239:rplumer:rickie.plumer@aol.com:rplumer
240:aloader:alex@loader.com:aloader
241:lvizarro:lashon@aol.com:lvizarro
242:lburnard:lburnard@burnard.com:lburnard
243:csetter:ceola.setter@setter.org:csetter
244:mrantanen:my@hotmail.com:mrantanen
245:lworlds:lorrine.worlds@worlds.com:lworlds
246:psturiale:peggie@cox.net:psturiale
247:mraymo:mraymo@yahoo.com:mraymo
248:ddinos:daron_dinos@cox.net:ddinos
249:afritz:an_fritz@hotmail.com:afritz
250:pstimmel:portia.stimmel@aol.com:pstimmel
251:raredondo:rhea_aredondo@cox.net:raredondo
252:bsama:bsama@cox.net:bsama
253:aarias:alyce@arias.org:aarias
254:hberganza:heike@gmail.com:hberganza
255:cdopico:carey_dopico@dopico.org:cdopico
256:dhellickson:dottie@hellickson.org:dhellickson
257:dhughey:deandrea@yahoo.com:dhughey
258:kduenas:kimberlie_duenas@yahoo.com:kduenas
259:mstaback:martina_staback@staback.com:mstaback
260:sfillingim:skye_fillingim@yahoo.com:sfillingim
261:jfarrar:jade.farrar@yahoo.com:jfarrar
262:chamilton:charlene.hamilton@hotmail.com:chamilton
263:gacey:geoffrey@gmail.com:gacey
264:swesterbeck:stevie.westerbeck@yahoo.com:swesterbeck
265:pfortino:pamella@fortino.com:pfortino
266:hhaufler:hhaufler@hotmail.com:hhaufler
267:jengelberg:jengelberg@engelberg.org:jengelberg
268:bcloney:buddy.cloney@yahoo.com:bcloney
269:driden:dalene.riden@aol.com:driden
270:jzurcher:jzurcher@zurcher.org:jzurcher
271:hdenooyer:hdenooyer@denooyer.org:hdenooyer
272:jcryer:joseph_cryer@cox.net:jcryer
273:dkippley:deonna_kippley@hotmail.com:dkippley
274:rcalvaresi:raymon.calvaresi@gmail.com:rcalvaresi
275:abubash:alecia@aol.com:abubash
276:mlayous:mlayous@hotmail.com:mlayous
277:dcoyier:detra@aol.com:dcoyier
278:trodeigues:terrilyn.rodeigues@cox.net:trodeigues
279:slacovara:slacovara@gmail.com:slacovara
280:gkeetch:garry_keetch@hotmail.com:gkeetch
281:mneither:mneither@yahoo.com:mneither
282:trestrepo:theodora.restrepo@restrepo.com:trestrepo
283:nkalafatis:noah.kalafatis@aol.com:nkalafatis
284:csweigard:csweigard@sweigard.com:csweigard
285:lhengel:lavonda@cox.net:lhengel
286:jstoltzman:junita@aol.com:jstoltzman
287:hnicolozakes:herminia@nicolozakes.org:hnicolozakes
288:cgood:casie.good@aol.com:cgood
289:rmaisto:reena@hotmail.com:rmaisto
290:mmallett:mirta_mallett@gmail.com:mmallett
291:cpontoriero:cathrine.pontoriero@pontoriero.com:cpontoriero
292:ftawil:ftawil@hotmail.com:ftawil
293:rupthegrove:rupthegrove@yahoo.com:rupthegrove
294:scandlish:sarah.candlish@gmail.com:scandlish
295:ltreston:lucy@cox.net:ltreston
296:jaquas:jaquas@aquas.com:jaquas
297:ytjepkema:yvonne.tjepkema@hotmail.com:ytjepkema
298:klace:kayleigh.lace@yahoo.com:klace
299:fhirpara:felix_hirpara@cox.net:fhirpara
300:tsweely:tresa_sweely@hotmail.com:tsweely
301:kturinetti:kristeen@gmail.com:kturinetti
302:jregusters:jregusters@regusters.com:jregusters
303:rmonterrubio:renea@hotmail.com:rmonterrubio
304:omatuszak:olive@aol.com:omatuszak
305:lreiber:lreiber@cox.net:lreiber
306:ceschberger:christiane.eschberger@yahoo.com:ceschberger
307:gschirpke:goldie.schirpke@yahoo.com:gschirpke
308:ltimenez:loreta.timenez@hotmail.com:ltimenez
309:fhauenstein:fabiola.hauenstein@hauenstein.org:fhauenstein
310:aperigo:amie.perigo@yahoo.com:aperigo
311:rbrachle:raina.brachle@brachle.org:rbrachle
312:ecanlas:erinn.canlas@canlas.com:ecanlas
313:clietz:cherry@lietz.com:clietz
314:kvonasek:kattie@vonasek.org:kvonasek
315:lscriven:lilli@aol.com:lscriven
316:wtomasulo:whitley.tomasulo@aol.com:wtomasulo
317:badkin:badkin@hotmail.com:badkin
318:hthyberg:hermila_thyberg@hotmail.com:hthyberg
319:jflister:jesusita.flister@hotmail.com:jflister
320:cjulia:caitlin.julia@julia.org:cjulia
321:rhoffis:roosevelt.hoffis@aol.com:rhoffis
322:hhalter:hhalter@yahoo.com:hhalter
323:lmartabano:lorean.martabano@hotmail.com:lmartabano
324:fbuzick:france.buzick@yahoo.com:fbuzick
325:jferrario:jferrario@hotmail.com:jferrario
326:anabours:adelina_nabours@gmail.com:anabours
327:ddhamer:ddhamer@cox.net:ddhamer
328:jdallen:jerry.dallen@yahoo.com:jdallen
329:lragel:leota.ragel@gmail.com:lragel
330:jamyot:jamyot@hotmail.com:jamyot
331:agehrett:aja_gehrett@hotmail.com:agehrett
332:kherritt:kirk.herritt@aol.com:kherritt
333:lmauson:leonora@yahoo.com:lmauson
334:wbrucato:winfred_brucato@hotmail.com:wbrucato
335:tnachor:tarra.nachor@cox.net:tnachor
336:cloder:corinne@loder.org:cloder
337:dlabreche:dulce_labreche@yahoo.com:dlabreche
338:kkeneipp:kate_keneipp@yahoo.com:kkeneipp
339:kogg:kaitlyn.ogg@gmail.com:kogg
340:ssaras:sherita.saras@cox.net:ssaras
341:lstuer:lstuer@cox.net:lstuer
342:esyrop:ernest@cox.net:esyrop
343:nhalsey:nobuko.halsey@yahoo.com:nhalsey
344:lwolny:lavonna.wolny@hotmail.com:lwolny
345:llizama:llizama@cox.net:llizama
346:mbilden:mariann.bilden@aol.com:mbilden
347:hrodenberger:helene@aol.com:hrodenberger
348:restell:roselle.estell@hotmail.com:restell
349:sheintzman:sheintzman@hotmail.com:sheintzman
350:mmeisel:margart_meisel@yahoo.com:mmeisel
351:kbennick:kristofer.bennick@yahoo.com:kbennick
352:wacuff:wacuff@gmail.com:wacuff
353:sshadrick:shalon@cox.net:sshadrick
354:dpatak:denise@patak.org:dpatak
355:lbeech:louvenia.beech@beech.com:lbeech
356:ayaw:audry.yaw@yaw.org:ayaw
357:kehmann:kristel.ehmann@aol.com:kehmann
358:vzepp:vzepp@gmail.com:vzepp
359:egwalthney:egwalthney@yahoo.com:egwalthney
360:vmaillard:venita_maillard@gmail.com:vmaillard
361:ksemidey:kasandra_semidey@semidey.com:ksemidey
362:xdiscipio:xdiscipio@gmail.com:xdiscipio
363:mlinahan:mlinahan@yahoo.com:mlinahan
364:krauser:krauser@cox.net:krauser
365:pdubaldi:pdubaldi@hotmail.com:pdubaldi
366:lpaa:linn_paa@paa.com:lpaa
367:pwide:paris@hotmail.com:pwide
368:wdorshorst:wynell_dorshorst@dorshorst.org:wdorshorst
369:qbirkner:qbirkner@aol.com:qbirkner
370:rkannady:regenia.kannady@cox.net:rkannady
371:slouissant:sheron@aol.com:slouissant
372:ifunnell:izetta.funnell@hotmail.com:ifunnell
373:rbutzen:rodolfo@hotmail.com:rbutzen
374:zcolla:zona@hotmail.com:zcolla
375:szagen:szagen@aol.com:szagen
376:psahagun:paz_sahagun@cox.net:psahagun
377:mlukasik:markus@yahoo.com:mlukasik
378:jbachman:jaclyn@aol.com:jbachman
379:cdaufeldt:cyril_daufeldt@daufeldt.com:cdaufeldt
380:gschnitzler:gschnitzler@gmail.com:gschnitzler
381:enievas:erick_nievas@aol.com:enievas
382:jdrymon:jennie@cox.net:jdrymon
383:mscipione:mscipione@scipione.com:mscipione
384:cventura:cventura@yahoo.com:cventura
385:gcantres:galen@yahoo.com:gcantres
386:tfeichtner:tfeichtner@yahoo.com:tfeichtner
387:gkitty:gail@kitty.com:gkitty
388:dschoeneck:dalene@schoeneck.org:dschoeneck
389:gwitten:gertude.witten@gmail.com:gwitten
390:lkohl:lizbeth@yahoo.com:lkohl
391:gberray:gberray@gmail.com:gberray
392:lklang:lashandra@yahoo.com:lklang
393:lnewville:lnewville@newville.com:lnewville
394:lpagliuca:laurel@yahoo.com:lpagliuca
395:mfrerking:mireya.frerking@hotmail.com:mfrerking
396:atagala:annelle@yahoo.com:atagala
397:dketelsen:dean_ketelsen@gmail.com:dketelsen
398:lmunis:levi.munis@gmail.com:lmunis
399:sryser:sylvie@aol.com:sryser
400:smaile:sharee_maile@aol.com:smaile
401:cstorment:cordelia_storment@aol.com:cstorment
402:mmcdoniel:mollie_mcdoniel@yahoo.com:mmcdoniel
403:bmccullan:brett.mccullan@mccullan.com:bmccullan
404:tpedrozo:teddy_pedrozo@aol.com:tpedrozo
405:tandreason:tasia_andreason@yahoo.com:tandreason
406:hwalthall:hubert@walthall.org:hwalthall
407:afarrow:arthur.farrow@yahoo.com:afarrow
408:vberlanga:vberlanga@berlanga.com:vberlanga
409:bmiro:billye_miro@cox.net:bmiro
410:gslayton:glenna_slayton@cox.net:gslayton
411:mhudnall:mitzie_hudnall@yahoo.com:mhudnall
412:brodefer:bernardine_rodefer@yahoo.com:brodefer
413:sschmaltz:staci_schmaltz@aol.com:sschmaltz
414:nmeteer:nichelle_meteer@meteer.com:nmeteer
415:jrhoden:jrhoden@yahoo.com:jrhoden
416:ehoopengardner:ettie.hoopengardner@hotmail.com:ehoopengardner
417:ejayson:eden_jayson@yahoo.com:ejayson
418:lauber:lynelle_auber@gmail.com:lauber
419:mtomblin:merissa.tomblin@gmail.com:mtomblin
420:gkaniecki:golda_kaniecki@yahoo.com:gkaniecki
421:cgleich:catarina_gleich@hotmail.com:cgleich
422:vkiel:vkiel@hotmail.com:vkiel
423:jostolaza:jolene@yahoo.com:jostolaza
424:kborgman:keneth@yahoo.com:kborgman
425:rnayar:rikki@nayar.com:rnayar
426:esengbusch:elke_sengbusch@yahoo.com:esengbusch
427:hsarao:hoa@sarao.org:hsarao
428:tmcrae:trinidad_mcrae@yahoo.com:tmcrae
429:mlueckenbach:mari_lueckenbach@yahoo.com:mlueckenbach
430:shusser:selma.husser@cox.net:shusser
431:aonofrio:aonofrio@onofrio.com:aonofrio
432:ljurney:ljurney@hotmail.com:ljurney
433:cheimann:clorinda.heimann@hotmail.com:cheimann
434:dwenzinger:dick@yahoo.com:dwenzinger
435:aangalich:ahmed.angalich@angalich.com:aangalich
436:iohms:iluminada.ohms@yahoo.com:iohms
437:jleinenbach:joanna_leinenbach@hotmail.com:jleinenbach
438:csuell:caprice@aol.com:csuell
439:smyricks:stephane_myricks@cox.net:smyricks
440:qswayze:quentin_swayze@yahoo.com:qswayze
441:acastros:annmarie_castros@gmail.com:acastros
442:sgreenbush:shonda_greenbush@cox.net:sgreenbush
443:clapage:clapage@lapage.com:clapage
444:jclaucherty:jeanice.claucherty@yahoo.com:jclaucherty
445:jvillanueva:josphine_villanueva@villanueva.com:jvillanueva
446:dperruzza:dperruzza@perruzza.com:dperruzza
447:cwildfong:cassi.wildfong@aol.com:cwildfong
448:bgalam:britt@galam.org:bgalam
449:alipkin:adell.lipkin@lipkin.com:alipkin
450:jrowling:jacqueline.rowling@yahoo.com:jrowling
451:lweglarz:lonny_weglarz@gmail.com:lweglarz
452:ldiestel:lonna_diestel@gmail.com:ldiestel
453:csamara:cristal@cox.net:csamara
454:kgrenet:kenneth.grenet@grenet.org:kgrenet
455:emclaird:emclaird@mclaird.com:emclaird
456:ajeanty:ajeanty@gmail.com:ajeanty
457:seanes:sharika.eanes@aol.com:seanes
458:nmcnease:nu@gmail.com:nmcnease
459:dcomnick:dcomnick@cox.net:dcomnick
460:ccolaizzo:cecilia_colaizzo@colaizzo.com:ccolaizzo
461:lthreets:leslie@cox.net:lthreets
462:nkoppinger:nan@koppinger.com:nkoppinger
463:idewar:idewar@dewar.com:idewar
464:tarceo:tegan.arceo@arceo.org:tarceo
465:rkeener:ruthann@hotmail.com:rkeener
466:jbreland:joni_breland@cox.net:jbreland
467:vrentfro:vrentfro@cox.net:vrentfro
468:ckardas:colette.kardas@yahoo.com:ckardas
469:mtromblay:malcolm_tromblay@cox.net:mtromblay
470:rharnos:ryan@cox.net:rharnos
471:jchaffins:jess.chaffins@chaffins.org:jchaffins
472:sbourbon:sbourbon@yahoo.com:sbourbon
473:njuvera:nickolas_juvera@cox.net:njuvera
474:gnunlee:gary_nunlee@nunlee.org:gnunlee
475:ddevreese:diane@cox.net:ddevreese
476:rchavous:roslyn.chavous@chavous.org:rchavous
477:gschieler:glory@yahoo.com:gschieler
478:rsayaphon:rasheeda@aol.com:rsayaphon
479:apalaia:alpha@yahoo.com:apalaia
480:rjacobos:refugia.jacobos@jacobos.com:rjacobos
481:syori:shawnda.yori@yahoo.com:syori
482:mdelasancha:mdelasancha@hotmail.com:mdelasancha
483:gliukko:gilma_liukko@gmail.com:gliukko
484:jgabisi:jgabisi@hotmail.com:jgabisi
485:lpaskin:lili.paskin@cox.net:lpaskin
486:lasar:loren.asar@aol.com:lasar
487:dchesterfield:dorothy@cox.net:dchesterfield
488:gsimilton:gail_similton@similton.com:gsimilton
489:ctillotson:catalina@hotmail.com:ctillotson
490:llorens:lawrence.lorens@hotmail.com:llorens
491:cboulter:carlee.boulter@hotmail.com:cboulter
492:tankeny:tankeny@ankeny.org:tankeny
493:joles:joles@gmail.com:joles
494:ahixenbaugh:alesia_hixenbaugh@hixenbaugh.org:ahixenbaugh
495:lharabedian:lai@gmail.com:lharabedian
496:bgillaspie:bgillaspie@gillaspie.com:bgillaspie
497:rkampa:rkampa@kampa.org:rkampa
498:fbookamer:flo.bookamer@cox.net:fbookamer
499:jbiddy:jbiddy@yahoo.com:jbiddy
500:cmotley:chauncey_motley@aol.com:cmotley